month,kind,game_type,event_type,event_name,event_date,event_date_display,event_description,source_site,source_url,image_url,image_alt,location_text,notes
2023-06,play,One Piece,Play,ONE PIECE CARD GAME Official Shop Buddy Battle − EVENTS｜ONE PIECE CARD GAME - Official Web Site,2023-06-02,"Jun 02, 2023","Play | (June 2, 2023)",ONE PIECE Official,https://en.onepiece-cardgame.com/events/2026/store-buddy-battle/,https://en.onepiece-cardgame.com/ogp.png,ONE PIECE CARD GAME Official Shop Buddy Battle − EVENTS｜ONE PIECE CARD GAME - Official Web Site,,"(June 2, 2023)"
2023-06,play,One Piece,Play,ONE PIECE CARD GAME Official Shop Welcome Event − EVENTS｜ONE PIECE CARD GAME - Official Web Site,2023-06-23,"Jun 23, 2023","Play | (June 23, 2023)",ONE PIECE Official,https://en.onepiece-cardgame.com/events/2026/welcome-event/,https://en.onepiece-cardgame.com/ogp.png,ONE PIECE CARD GAME Official Shop Welcome Event − EVENTS｜ONE PIECE CARD GAME - Official Web Site,,"(June 23, 2023)"
2025-05,play,Gundam Card Game,Play,Judge Program | GUNDAM CARD GAME Official Website,2025-05-16,"May 16, 2025",Play | Official Gundam event page | https://www.gundam-gcg.com/en/events/JudgeProgram.html,GUNDAM Official,https://www.gundam-gcg.com/en/events/JudgeProgram.html,https://www.gundam-gcg.com/gcg/bccard/en/news/2025/05/15/aKJz6k8wvvmRCLR4/thumbnail_en.webp,Judge Program | GUNDAM CARD GAME Official Website,Official Gundam event page,https://www.gundam-gcg.com/en/events/JudgeProgram.html
2026-03,play,Gundam Card Game,Play - World Championships,WORLD CHAMPIONSHIPS 26-27 | GUNDAM CARD GAME Official Website,2026-03-03,"Mar 03, 2026",Play - World Championships | Official Gundam event page | https://www.gundam-gcg.com/en/events/CS26-27.html,GUNDAM Official,https://www.gundam-gcg.com/en/events/CS26-27.html,https://www.gundam-gcg.com/gcg/bccard/system/news_noimg.webp,WORLD CHAMPIONSHIPS 26-27 | GUNDAM CARD GAME Official Website,Official Gundam event page,https://www.gundam-gcg.com/en/events/CS26-27.html
2026-03,play,One Piece,Play - Championship,Championship 26-27 Regionals Season 1 | ONE PIECE CARD GAME - Official Web Site,2026-03-20,"Mar 20, 2026",Play - Championship | March 2026 onwards,ONE PIECE Official,https://en.onepiece-cardgame.com/events/regional-season1-26-27.html,https://en.onepiece-cardgame.com/ogp.png,Championship 26-27 Regionals Season 1 | ONE PIECE CARD GAME - Official Web Site,,March 2026 onwards
2026-03,play,One Piece,Play,EVENTS｜ONE PIECE CARD GAME - Official Web Site,2026-03-20,"Mar 20, 2026",Play | March 2026 – March 2027,ONE PIECE Official,https://en.onepiece-cardgame.com/events/#CONVENTIONEVENTS,https://en.onepiece-cardgame.com/ogp.png,EVENTS｜ONE PIECE CARD GAME - Official Web Site,,March 2026 – March 2027
2026-04,play,One Piece,Play - Championship,Championship 26-27 Regionals Season 1 Side Event Prize Wall − EVENTS｜ONE PIECE CARD GAME - Official Web Site,2026-04-24,"Apr 24, 2026","Play - Championship | Correction Notice (April 24, 2026)",ONE PIECE Official,https://en.onepiece-cardgame.com/events/2026/championship/regional-season1-side.php,https://en.onepiece-cardgame.com/ogp.png,Championship 26-27 Regionals Season 1 Side Event Prize Wall − EVENTS｜ONE PIECE CARD GAME - Official Web Site,,"Correction Notice (April 24, 2026)"
2026-05,play,Disney Lorcana,Play - Weekly Play,Upcoming,2026-05-17,"May 17, 2026",Play - Weekly Play | Lorcana Sunday Night Weekly Play (Core) | Collectors Hub | MAY 17 • 7:00 PM (MDT),Ravensburger Play Hub,https://tcg.ravensburgerplay.com/events,,,Collectors Hub,MAY 17 • 7:00 PM (MDT)
2026-05,play,Disney Lorcana,Play - Weekly Play,Upcoming,2026-05-24,"May 24, 2026",Play - Weekly Play | Lorcana Sunday Night Weekly Play (Core) | Collectors Hub | MAY 24 • 7:00 PM (MDT),Ravensburger Play Hub,https://tcg.ravensburgerplay.com/events,,,Collectors Hub,MAY 24 • 7:00 PM (MDT)
2026-05,play,Disney Lorcana,Play - Weekly Play,Upcoming,2026-05-31,"May 31, 2026",Play - Weekly Play | Lorcana Sunday Night Weekly Play (Core) | Collectors Hub | MAY 31 • 7:00 PM (MDT),Ravensburger Play Hub,https://tcg.ravensburgerplay.com/events,,,Collectors Hub,MAY 31 • 7:00 PM (MDT)
2026-05,play,Gundam Card Game,Play - Store Championship,WCS 26-27 Store Championships Season 1 | GUNDAM CARD GAME Official Website,2026-05-02,"May 02, 2026","Play - Store Championship | Official Gundam event page | May 2 - 31, 2026 | https://www.gundam-gcg.com/en/events/StoreCS26-27_May.html",GUNDAM Official,https://www.gundam-gcg.com/en/events/StoreCS26-27_May.html,https://www.gundam-gcg.com/gcg/bccard/en/news/2026/01/15/aveURNYcVIdFAPUS/store-cs-season1-may_thumbnail_en.webp,WCS 26-27 Store Championships Season 1 | GUNDAM CARD GAME Official Website,Official Gundam event page,"May 2 - 31, 2026 | https://www.gundam-gcg.com/en/events/StoreCS26-27_May.html"
2026-05,play,Gundam Card Game,Play,THE GUNDAM CARD GAME at UK Games Expo 2026 | GUNDAM CARD GAME Official Website,2026-05-29,"May 29, 2026","Play | Official Gundam event page | May 29 - 31, 2026 | https://www.gundam-gcg.com/en/events/UKGE2026.html",GUNDAM Official,https://www.gundam-gcg.com/en/events/UKGE2026.html,https://www.gundam-gcg.com/gcg/bccard/en/news/2025/05/14/piuHTIcVE6YStpzN/thumbnail_en.webp,THE GUNDAM CARD GAME at UK Games Expo 2026 | GUNDAM CARD GAME Official Website,Official Gundam event page,"May 29 - 31, 2026 | https://www.gundam-gcg.com/en/events/UKGE2026.html"
2026-05,play,One Piece,Play,Anime Central​ | ONE PIECE CARD GAME - Official Web Site,2026-05-15,"May 15, 2026","Play | May 15 - 17, 2026​",ONE PIECE Official,https://en.onepiece-cardgame.com/events/animecentral.html,https://en.onepiece-cardgame.com/ogp.png,Anime Central​ | ONE PIECE CARD GAME - Official Web Site,,"May 15 - 17, 2026​"
2026-05,play,One Piece,Play - Treasure Cup,Treasure Cup May 2026 ~ | ONE PIECE CARD GAME - Official Web Site,2026-05-20,"May 20, 2026",Play - Treasure Cup | Treasure Cup May 2026 ~ | ONE PIECE CARD GAME - Official Web Site,ONE PIECE Official,https://en.onepiece-cardgame.com/events/treasure-cup-may-2026.html,https://en.onepiece-cardgame.com/ogp.png,Treasure Cup May 2026 ~ | ONE PIECE CARD GAME - Official Web Site,,Treasure Cup May 2026 ~ | ONE PIECE CARD GAME - Official Web Site
2026-05,play,Riftbound,Play,Upcoming,2026-05-19,"May 19, 2026",Play | Riftbound Tuesday Evening Nexus Night 1v1 | Collectors Hub | MAY 19 • 6:00 PM (MDT),Riftbound Locator,https://locator.riftbound.uvsgames.com/events,,,Collectors Hub,MAY 19 • 6:00 PM (MDT)
2026-05,play,Riftbound,Play,Upcoming,2026-05-26,"May 26, 2026",Play | Riftbound Tuesday Evening Nexus Night 1v1 | Collectors Hub | MAY 26 • 6:00 PM (MDT),Riftbound Locator,https://locator.riftbound.uvsgames.com/events,,,Collectors Hub,MAY 26 • 6:00 PM (MDT)
2026-05,play,Star Wars: Unlimited,Play,It's the best competitive TCG on the market! Join us for a constructed Star Wars Unlimited event. Bring your own custom deck and battle it out!,2026-05-15,"May 15, 2026","Play | Free! | Starling Cards and Comics | Friday, May 15, 10:00 PM | Free! | Starling Cards and Comics | 937 Starling Ave, Martinsville VA, VA, United States of America | View Details | Unofficial Event",Star Wars Unlimited,https://starwarsunlimited.com/search?distance=100&myLocation=false&geo=35.7890402%7C-78.77976439999999%7CCary%2C+NC%2C+USA&type=events,,,Starling Cards and Comics,"Friday, May 15, 10:00 PM | Free! | Starling Cards and Comics | 937 Starling Ave, Martinsville VA, VA, United States of America | View Details | Unofficial Event"
2026-05,play,Star Wars: Unlimited,Play - Showdown,https://www.atomicempire.com/Store/Event/5770,2026-05-15,"May 15, 2026","Play - Showdown | $10 | Atomic Empire | Friday, May 15, 11:00 PM | $10 | Atomic Empire | 3400 Westgate Dr Unit 14B, Durham 27713, North Carolina, United States of America | View Details | Store Showdown",Star Wars Unlimited,https://starwarsunlimited.com/search?distance=100&myLocation=false&geo=35.7890402%7C-78.77976439999999%7CCary%2C+NC%2C+USA&type=events,,,Atomic Empire,"Friday, May 15, 11:00 PM | $10 | Atomic Empire | 3400 Westgate Dr Unit 14B, Durham 27713, North Carolina, United States of America | View Details | Store Showdown"
2026-05,play,Star Wars: Unlimited,Play,Competitive constructed SWU. Compete for fantastic promos and prizes! Decklists are required.,2026-05-16,"May 16, 2026","Play | $10 | Starling Cards and Comics | Saturday, May 16, 8:00 PM | $10 | Starling Cards and Comics | 937 Starling Ave, Martinsville VA, VA, United States of America | View Details | Weekly Play",Star Wars Unlimited,https://starwarsunlimited.com/search?distance=100&myLocation=false&geo=35.7890402%7C-78.77976439999999%7CCary%2C+NC%2C+USA&type=events,,,Starling Cards and Comics,"Saturday, May 16, 8:00 PM | $10 | Starling Cards and Comics | 937 Starling Ave, Martinsville VA, VA, United States of America | View Details | Weekly Play"
2026-05,play,Star Wars: Unlimited,Play,It's the best competitive TCG on the market! Join us for a constructed Star Wars Unlimited event. Bring your own custom deck and battle it out!,2026-05-22,"May 22, 2026","Play | Free! | Starling Cards and Comics | Friday, May 22, 10:00 PM | Free! | Starling Cards and Comics | 937 Starling Ave, Martinsville VA, VA, United States of America | View Details | Weekly Play",Star Wars Unlimited,https://starwarsunlimited.com/search?distance=100&myLocation=false&geo=35.7890402%7C-78.77976439999999%7CCary%2C+NC%2C+USA&type=events,,,Starling Cards and Comics,"Friday, May 22, 10:00 PM | Free! | Starling Cards and Comics | 937 Starling Ave, Martinsville VA, VA, United States of America | View Details | Weekly Play"
2026-05,play,Star Wars: Unlimited,Play,https://www.atomicempire.com/Store/Event/5770,2026-05-22,"May 22, 2026","Play | $10 | Atomic Empire | Friday, May 22, 11:00 PM | $10 | Atomic Empire | 3400 Westgate Dr Unit 14B, Durham 27713, North Carolina, United States of America | View Details | Weekly Play",Star Wars Unlimited,https://starwarsunlimited.com/search?distance=100&myLocation=false&geo=35.7890402%7C-78.77976439999999%7CCary%2C+NC%2C+USA&type=events,,,Atomic Empire,"Friday, May 22, 11:00 PM | $10 | Atomic Empire | 3400 Westgate Dr Unit 14B, Durham 27713, North Carolina, United States of America | View Details | Weekly Play"
2026-05,play,Star Wars: Unlimited,Play,It's the best competitive TCG on the market! Join us for a constructed Star Wars Unlimited event. Bring your own custom deck and battle it out!,2026-05-29,"May 29, 2026","Play | Free! | Starling Cards and Comics | Friday, May 29, 10:00 PM | Free! | Starling Cards and Comics | 937 Starling Ave, Martinsville VA, VA, United States of America | View Details | Unofficial Event",Star Wars Unlimited,https://starwarsunlimited.com/search?distance=100&myLocation=false&geo=35.7890402%7C-78.77976439999999%7CCary%2C+NC%2C+USA&type=events,,,Starling Cards and Comics,"Friday, May 29, 10:00 PM | Free! | Starling Cards and Comics | 937 Starling Ave, Martinsville VA, VA, United States of America | View Details | Unofficial Event"
2026-05,play,Star Wars: Unlimited,Play - Planetary Qualifier,https://www.atomicempire.com/Store/Event/5770,2026-05-29,"May 29, 2026","Play - Planetary Qualifier | $10 | Atomic Empire | Friday, May 29, 11:00 PM | $10 | Atomic Empire | 3400 Westgate Dr Unit 14B, Durham 27713, North Carolina, United States of America | View Details | Planetary Qualifier",Star Wars Unlimited,https://starwarsunlimited.com/search?distance=100&myLocation=false&geo=35.7890402%7C-78.77976439999999%7CCary%2C+NC%2C+USA&type=events,,,Atomic Empire,"Friday, May 29, 11:00 PM | $10 | Atomic Empire | 3400 Westgate Dr Unit 14B, Durham 27713, North Carolina, United States of America | View Details | Planetary Qualifier"
2026-05,play,Star Wars: Unlimited,Play,Full event details and registration can be found at the linked URL.,2026-05-30,"May 30, 2026","Play | $35 | Atomic Empire | Saturday, May 30, 1:00 PM | $35 | Atomic Empire | 3400 Westgate Dr Unit 14B, Durham 27713, North Carolina, United States of America | View Details | Unofficial Event",Star Wars Unlimited,https://starwarsunlimited.com/search?distance=100&myLocation=false&geo=35.7890402%7C-78.77976439999999%7CCary%2C+NC%2C+USA&type=events,,,Atomic Empire,"Saturday, May 30, 1:00 PM | $35 | Atomic Empire | 3400 Westgate Dr Unit 14B, Durham 27713, North Carolina, United States of America | View Details | Unofficial Event"
2026-06,play,Disney Lorcana,Play - Weekly Play,Upcoming,2026-06-07,"Jun 07, 2026",Play - Weekly Play | Lorcana Sunday Night Weekly Play (Core) | Collectors Hub | JUN 7 • 7:00 PM (MDT),Ravensburger Play Hub,https://tcg.ravensburgerplay.com/events,,,Collectors Hub,JUN 7 • 7:00 PM (MDT)
2026-06,play,Disney Lorcana,Play - Weekly Play,Upcoming,2026-06-14,"Jun 14, 2026",Play - Weekly Play | Lorcana Sunday Night Weekly Play (Core) | Collectors Hub | JUN 14 • 7:00 PM (MDT),Ravensburger Play Hub,https://tcg.ravensburgerplay.com/events,,,Collectors Hub,JUN 14 • 7:00 PM (MDT)
2026-06,play,Disney Lorcana,Play - Weekly Play,Upcoming,2026-06-21,"Jun 21, 2026",Play - Weekly Play | Disney Lorcana Weekly Play Constructed | Collectors Hub | JUN 21 • 5:00 PM (MDT),Ravensburger Play Hub,https://tcg.ravensburgerplay.com/events,,,Collectors Hub,JUN 21 • 5:00 PM (MDT)
2026-06,play,Disney Lorcana,Play - Weekly Play,Upcoming,2026-06-21,"Jun 21, 2026",Play - Weekly Play | Lorcana Sunday Night Weekly Play (Core) | Collectors Hub | JUN 21 • 7:00 PM (MDT),Ravensburger Play Hub,https://tcg.ravensburgerplay.com/events,,,Collectors Hub,JUN 21 • 7:00 PM (MDT)
2026-06,play,Disney Lorcana,Play - Weekly Play,Upcoming,2026-06-28,"Jun 28, 2026",Play - Weekly Play | Lorcana Sunday Night Weekly Play (Core) | Collectors Hub | JUN 28 • 7:00 PM (MDT),Ravensburger Play Hub,https://tcg.ravensburgerplay.com/events,,,Collectors Hub,JUN 28 • 7:00 PM (MDT)
2026-06,play,Gundam Card Game,Play,NEWTYPE CHALLENGE 2026 MISSION 3 | GUNDAM CARD GAME Official Website,2026-06-30,"Jun 30, 2026","Play | Official Gundam event page | May 1 - June 30, 2026 | https://www.gundam-gcg.com/en/events/ntc_2026mission3.html",GUNDAM Official,https://www.gundam-gcg.com/en/events/ntc_2026mission3.html,https://www.gundam-gcg.com/gcg/bccard/en/news/2026/04/10/8jZXurnjn4vrGcr4/newtype_2026_m03_mv_en.webp,NEWTYPE CHALLENGE 2026 MISSION 3 | GUNDAM CARD GAME Official Website,Official Gundam event page,"May 1 - June 30, 2026 | https://www.gundam-gcg.com/en/events/ntc_2026mission3.html"
2026-06,play,Gundam Card Game,Play - Store Tournament,Store Tournament 2026 SEASON2 | GUNDAM CARD GAME Official Website,2026-06-30,"Jun 30, 2026","Play - Store Tournament | Official Gundam event page | April 1 - June 30, 2026 | https://www.gundam-gcg.com/en/events/storetournament2026_02.html",GUNDAM Official,https://www.gundam-gcg.com/en/events/storetournament2026_02.html,https://www.gundam-gcg.com/gcg/bccard/en/news/2026/03/31/bMS0Q4jVBtRMnn42/shop_2026_s02_thumbnail_en.webp,Store Tournament 2026 SEASON2 | GUNDAM CARD GAME Official Website,Official Gundam event page,"April 1 - June 30, 2026 | https://www.gundam-gcg.com/en/events/storetournament2026_02.html"
2026-06,play,One Piece,Play,OP-16 Release Event | ONE PIECE CARD GAME - Official Web Site,2026-06-05,"Jun 05, 2026","Play | June 5 - 11, 2026",ONE PIECE Official,https://en.onepiece-cardgame.com/events/store-tournament-op16.html,https://en.onepiece-cardgame.com/ogp.png,OP-16 Release Event | ONE PIECE CARD GAME - Official Web Site,,"June 5 - 11, 2026"
2026-06,play,Riftbound,Play,Upcoming,2026-06-02,"Jun 02, 2026",Play | Riftbound Tuesday Evening Nexus Night 1v1 | Collectors Hub | JUN 2 • 6:00 PM (MDT),Riftbound Locator,https://locator.riftbound.uvsgames.com/events,,,Collectors Hub,JUN 2 • 6:00 PM (MDT)
2026-06,play,Riftbound,Play,Upcoming,2026-06-09,"Jun 09, 2026",Play | Riftbound Tuesday Evening Nexus Night 1v1 | Collectors Hub | JUN 9 • 6:00 PM (MDT),Riftbound Locator,https://locator.riftbound.uvsgames.com/events,,,Collectors Hub,JUN 9 • 6:00 PM (MDT)
2026-06,play,Riftbound,Play,Upcoming,2026-06-16,"Jun 16, 2026",Play | Riftbound Tuesday Evening Nexus Night 1v1 | Collectors Hub | JUN 16 • 6:00 PM (MDT),Riftbound Locator,https://locator.riftbound.uvsgames.com/events,,,Collectors Hub,JUN 16 • 6:00 PM (MDT)
2026-06,play,Star Wars: Unlimited,Play,https://www.atomicempire.com/Store/Event/9229,2026-06-05,"Jun 05, 2026","Play | $20 | Atomic Empire | Friday, June 5, 11:00 PM | $20 | Atomic Empire | 3400 Westgate Dr Unit 14B, Durham 27713, North Carolina, United States of America | View Details | Unofficial Event",Star Wars Unlimited,https://starwarsunlimited.com/search?distance=100&myLocation=false&geo=35.7890402%7C-78.77976439999999%7CCary%2C+NC%2C+USA&type=events,,,Atomic Empire,"Friday, June 5, 11:00 PM | $20 | Atomic Empire | 3400 Westgate Dr Unit 14B, Durham 27713, North Carolina, United States of America | View Details | Unofficial Event"
2026-06,play,Star Wars: Unlimited,Play,https://www.atomicempire.com/Store/Event/9230,2026-06-12,"Jun 12, 2026","Play | $10 | Atomic Empire | Friday, June 12, 11:00 PM | $10 | Atomic Empire | 3400 Westgate Dr Unit 14B, Durham 27713, North Carolina, United States of America | View Details | Unofficial Event",Star Wars Unlimited,https://starwarsunlimited.com/search?distance=100&myLocation=false&geo=35.7890402%7C-78.77976439999999%7CCary%2C+NC%2C+USA&type=events,,,Atomic Empire,"Friday, June 12, 11:00 PM | $10 | Atomic Empire | 3400 Westgate Dr Unit 14B, Durham 27713, North Carolina, United States of America | View Details | Unofficial Event"
2026-06,play,Star Wars: Unlimited,Play,https://www.atomicempire.com/Store/Event/9231,2026-06-19,"Jun 19, 2026","Play | $10 | Atomic Empire | Friday, June 19, 11:00 PM | $10 | Atomic Empire | 3400 Westgate Dr Unit 14B, Durham 27713, North Carolina, United States of America | View Details | Unofficial Event",Star Wars Unlimited,https://starwarsunlimited.com/search?distance=100&myLocation=false&geo=35.7890402%7C-78.77976439999999%7CCary%2C+NC%2C+USA&type=events,,,Atomic Empire,"Friday, June 19, 11:00 PM | $10 | Atomic Empire | 3400 Westgate Dr Unit 14B, Durham 27713, North Carolina, United States of America | View Details | Unofficial Event"
2026-06,play,Star Wars: Unlimited,Play,https://www.atomicempire.com/Store/Event/9232,2026-06-26,"Jun 26, 2026","Play | $5 | Atomic Empire | Friday, June 26, 11:00 PM | $5 | Atomic Empire | 3400 Westgate Dr Unit 14B, Durham 27713, North Carolina, United States of America | View Details | Map",Star Wars Unlimited,https://starwarsunlimited.com/search?distance=100&myLocation=false&geo=35.7890402%7C-78.77976439999999%7CCary%2C+NC%2C+USA&type=events,,,Atomic Empire,"Friday, June 26, 11:00 PM | $5 | Atomic Empire | 3400 Westgate Dr Unit 14B, Durham 27713, North Carolina, United States of America | View Details | Map"
2026-07,play,Disney Lorcana,Play - Weekly Play,Upcoming,2026-07-05,"Jul 05, 2026",Play - Weekly Play | Lorcana Sunday Night Weekly Play (Core) | Collectors Hub | JUL 5 • 7:00 PM (MDT),Ravensburger Play Hub,https://tcg.ravensburgerplay.com/events,,,Collectors Hub,JUL 5 • 7:00 PM (MDT)
2026-07,play,Gundam Card Game,Play,GUNDAM CARD GAME Starter Deck Battle Event | GUNDAM CARD GAME Official Website,2026-07-13,"Jul 13, 2026","Play | Official Gundam event page | March 20 - July 13, 2026 | https://www.gundam-gcg.com/en/events/starter_battle1_event.html",GUNDAM Official,https://www.gundam-gcg.com/en/events/starter_battle1_event.html,https://www.gundam-gcg.com/gcg/bccard/en/news/2026/04/11/t2BFYBciZWLwtny6/2604_Starter Battle.webp,GUNDAM CARD GAME Starter Deck Battle Event | GUNDAM CARD GAME Official Website,Official Gundam event page,"March 20 - July 13, 2026 | https://www.gundam-gcg.com/en/events/starter_battle1_event.html"
2026-07,play,Gundam Card Game,Play - World Championships,WORLD CHAMPIONSHIPS 26-27 REGIONALS SEASON 1 | GUNDAM CARD GAME Official Website,2026-07-20,"Jul 20, 2026",Play - World Championships | Official Gundam event page | March - July 2026 | https://www.gundam-gcg.com/en/events/CS26-27Regionals_1.html,GUNDAM Official,https://www.gundam-gcg.com/en/events/CS26-27Regionals_1.html,https://www.gundam-gcg.com/gcg/bccard/en/news/2026/01/14/W7JyBpvAQdRSVx4g/regionals-season1_thumbnail_en.webp,WORLD CHAMPIONSHIPS 26-27 REGIONALS SEASON 1 | GUNDAM CARD GAME Official Website,Official Gundam event page,March - July 2026 | https://www.gundam-gcg.com/en/events/CS26-27Regionals_1.html
2026-07,play,One Piece,Play - Championship,Championship 26-27 | ONE PIECE CARD GAME - Official Web Site,2026-07-01,"Jul 01, 2026",Play - Championship | of the journey is participating in Regionals Season 1 or Season 2 to win your way up to the second level. Regionals Season 1 takes place from March to July 2026 and Season 2 takes place from August to December 2026.,ONE PIECE Official,https://en.onepiece-cardgame.com/events/2026/championship/,https://en.onepiece-cardgame.com/ogp.png,Championship 26-27 | ONE PIECE CARD GAME - Official Web Site,,of the journey is participating in Regionals Season 1 or Season 2 to win your way up to the second level. Regionals Season 1 takes place from March to July 2026 and Season 2 takes place from August to December 2026.
2026-08,play,Gundam Card Game,Play,THE GUNDAM CARD GAME at Gen Con 2026 | GUNDAM CARD GAME Official Website,2026-08-02,"Aug 02, 2026","Play | Official Gundam event page | July 30 - August 2, 2026 | https://www.gundam-gcg.com/en/events/GenCon2026.html",GUNDAM Official,https://www.gundam-gcg.com/en/events/GenCon2026.html,https://www.gundam-gcg.com/gcg/bccard/en/news/2025/05/13/LHEANegIeMEcu3UR/thumbnail_en.webp,THE GUNDAM CARD GAME at Gen Con 2026 | GUNDAM CARD GAME Official Website,Official Gundam event page,"July 30 - August 2, 2026 | https://www.gundam-gcg.com/en/events/GenCon2026.html"
2026-08,play,One Piece,Play - Championship,Championship 26-27 Regionals Season 2 | ONE PIECE CARD GAME - Official Web Site,2026-08-20,"Aug 20, 2026",Play - Championship | August 2026 onwards,ONE PIECE Official,https://en.onepiece-cardgame.com/events/regional-season2-26-27.html,https://en.onepiece-cardgame.com/ogp.png,Championship 26-27 Regionals Season 2 | ONE PIECE CARD GAME - Official Web Site,,August 2026 onwards
2026-08,play,One Piece,Play - Treasure Cup,Treasure Cup August 2026 | ONE PIECE CARD GAME - Official Web Site,2026-08-20,"Aug 20, 2026",Play - Treasure Cup | Treasure Cup August 2026 | ONE PIECE CARD GAME - Official Web Site,ONE PIECE Official,https://en.onepiece-cardgame.com/events/treasure-cup-august-2026.html,https://en.onepiece-cardgame.com/ogp.png,Treasure Cup August 2026 | ONE PIECE CARD GAME - Official Web Site,,Treasure Cup August 2026 | ONE PIECE CARD GAME - Official Web Site
unknown,play,Disney Lorcana,Play - Weekly Play,JUL 5 • 5:00 PM (MDT),,,"Play - Weekly Play | Upcoming | Disney Lorcana Weekly Play Constructed | Sunday, July 5, 2026",Ravensburger Play Hub,https://tcg.ravensburgerplay.com/events,,,Disney Lorcana Weekly Play Constructed,"Sunday, July 5, 2026"
unknown,play,Disney Lorcana,Play - Weekly Play,JUN 14 • 5:00 PM (MDT),,,"Play - Weekly Play | Upcoming | Disney Lorcana Weekly Play Constructed | Sunday, June 14, 2026",Ravensburger Play Hub,https://tcg.ravensburgerplay.com/events,,,Disney Lorcana Weekly Play Constructed,"Sunday, June 14, 2026"
unknown,play,Disney Lorcana,Play,JUN 21 • 1:00 PM (MDT),,,"Play | Upcoming | Special Pack Rush Event | Sunday, June 21, 2026",Ravensburger Play Hub,https://tcg.ravensburgerplay.com/events,,,Special Pack Rush Event,"Sunday, June 21, 2026"
unknown,play,Disney Lorcana,Play - Weekly Play,JUN 28 • 5:00 PM (MDT),,,"Play - Weekly Play | Upcoming | Disney Lorcana Weekly Play Constructed | Sunday, June 28, 2026",Ravensburger Play Hub,https://tcg.ravensburgerplay.com/events,,,Disney Lorcana Weekly Play Constructed,"Sunday, June 28, 2026"
unknown,play,Disney Lorcana,Play - Weekly Play,JUN 7 • 5:00 PM (MDT),,,"Play - Weekly Play | Upcoming | Disney Lorcana Weekly Play Constructed | Sunday, June 7, 2026",Ravensburger Play Hub,https://tcg.ravensburgerplay.com/events,,,Disney Lorcana Weekly Play Constructed,"Sunday, June 7, 2026"
unknown,play,Disney Lorcana,Play - Weekly Play,MAY 17 • 5:00 PM (MDT),,,"Play - Weekly Play | Upcoming | Disney Lorcana Weekly Play Constructed | Sunday, May 17, 2026",Ravensburger Play Hub,https://tcg.ravensburgerplay.com/events,,,Disney Lorcana Weekly Play Constructed,"Sunday, May 17, 2026"
unknown,play,Disney Lorcana,Play - Weekly Play,MAY 24 • 5:00 PM (MDT),,,"Play - Weekly Play | Upcoming | Disney Lorcana Weekly Play Constructed | Sunday, May 24, 2026",Ravensburger Play Hub,https://tcg.ravensburgerplay.com/events,,,Disney Lorcana Weekly Play Constructed,"Sunday, May 24, 2026"
unknown,play,Disney Lorcana,Play - Weekly Play,MAY 31 • 5:00 PM (MDT),,,"Play - Weekly Play | Upcoming | Disney Lorcana Weekly Play Constructed | Sunday, May 31, 2026",Ravensburger Play Hub,https://tcg.ravensburgerplay.com/events,,,Disney Lorcana Weekly Play Constructed,"Sunday, May 31, 2026"
unknown,play,Magic: The Gathering,Play - Standard,Standard Showdown – Secrets of Strixhaven,,,Play - Standard,WPN,https://wpn.wizards.com/en/events,,,,
unknown,play,Magic: The Gathering,Play - Commander,Two-Headed Giant Commander Night – Secrets of Strixhaven,,,Play - Commander,WPN,https://wpn.wizards.com/en/events,,,,
unknown,play,One Piece,Play,Extra Grand Battle for Stores 2026 May − EVENTS｜ONE PIECE CARD GAME - Official Web Site,,,Play | Extra Grand Battle for Stores 2026 May − EVENTS｜ONE PIECE CARD GAME - Official Web Site,ONE PIECE Official,https://en.onepiece-cardgame.com/events/2026/extra-grand-battle-may/,https://en.onepiece-cardgame.com/ogp.png,Extra Grand Battle for Stores 2026 May − EVENTS｜ONE PIECE CARD GAME - Official Web Site,,Extra Grand Battle for Stores 2026 May − EVENTS｜ONE PIECE CARD GAME - Official Web Site
unknown,play,One Piece,Play,Gen Con 2026​ | ONE PIECE CARD GAME - Official Web Site,,,Play | Gen Con 2026​ | ONE PIECE CARD GAME - Official Web Site,ONE PIECE Official,https://en.onepiece-cardgame.com/events/gencon2026.html,https://en.onepiece-cardgame.com/ogp.png,Gen Con 2026​ | ONE PIECE CARD GAME - Official Web Site,,Gen Con 2026​ | ONE PIECE CARD GAME - Official Web Site
unknown,play,One Piece,Play,Japan Expo 2026​ | ONE PIECE CARD GAME - Official Web Site,,,Play | Japan Expo 2026​ | ONE PIECE CARD GAME - Official Web Site,ONE PIECE Official,https://en.onepiece-cardgame.com/events/02_258.html,https://en.onepiece-cardgame.com/ogp.png,Japan Expo 2026​ | ONE PIECE CARD GAME - Official Web Site,,Japan Expo 2026​ | ONE PIECE CARD GAME - Official Web Site
unknown,play,One Piece,Play,ONE PIECE CARD GAME Official Shop − EVENTS｜ONE PIECE CARD GAME - Official Web Site,,,Play,ONE PIECE Official,https://en.onepiece-cardgame.com/events/official_shop/,https://en.onepiece-cardgame.com/ogp.png,ONE PIECE CARD GAME Official Shop − EVENTS｜ONE PIECE CARD GAME - Official Web Site,,
unknown,play,One Piece,Play,PAST EVENTS｜ONE PIECE CARD GAME - Official Web Site,,,Play | Armageddon Expo Auckland Autumn 2026,ONE PIECE Official,https://en.onepiece-cardgame.com/events/list_end.php,https://en.onepiece-cardgame.com/ogp.png,PAST EVENTS｜ONE PIECE CARD GAME - Official Web Site,,Armageddon Expo Auckland Autumn 2026
unknown,play,One Piece,Play,Pirates Party 2026 Vol. 1 − EVENTS｜ONE PIECE CARD GAME - Official Web Site,,,Play | Pirates Party 2026 Vol. 1 − EVENTS｜ONE PIECE CARD GAME - Official Web Site,ONE PIECE Official,https://en.onepiece-cardgame.com/events/2026/pirates-party-vol1/,https://en.onepiece-cardgame.com/ogp.png,Pirates Party 2026 Vol. 1 − EVENTS｜ONE PIECE CARD GAME - Official Web Site,,Pirates Party 2026 Vol. 1 − EVENTS｜ONE PIECE CARD GAME - Official Web Site
unknown,play,One Piece,Play,Store Tournament 2026 Vol. 2 − EVENTS｜ONE PIECE CARD GAME - Official Web Site,,,Play | Store Tournament 2026 Vol. 2 − EVENTS｜ONE PIECE CARD GAME - Official Web Site,ONE PIECE Official,https://en.onepiece-cardgame.com/events/2026/store_tournament_vol2/,https://en.onepiece-cardgame.com/ogp.png,Store Tournament 2026 Vol. 2 − EVENTS｜ONE PIECE CARD GAME - Official Web Site,,Store Tournament 2026 Vol. 2 − EVENTS｜ONE PIECE CARD GAME - Official Web Site
unknown,play,One Piece,Play,UK Games Expo 2026 − EVENTS｜ONE PIECE CARD GAME - Official Web Site,,,Play | UK Games Expo 2026 − EVENTS｜ONE PIECE CARD GAME - Official Web Site,ONE PIECE Official,https://en.onepiece-cardgame.com/events/2026/uk_games_expo/,https://en.onepiece-cardgame.com/ogp.png,UK Games Expo 2026 − EVENTS｜ONE PIECE CARD GAME - Official Web Site,,UK Games Expo 2026 − EVENTS｜ONE PIECE CARD GAME - Official Web Site
unknown,play,Riftbound,Play,JUN 1 • 4:00 PM (MDT),,,"Play | Upcoming | Nexus Night | Monday, June 1, 2026",Riftbound Locator,https://locator.riftbound.uvsgames.com/events,,,Nexus Night,"Monday, June 1, 2026"
unknown,play,Riftbound,Play,JUN 12 • 6:00 PM (MDT),,,"Play | Upcoming | Nexus Night | Friday, June 12, 2026",Riftbound Locator,https://locator.riftbound.uvsgames.com/events,,,Nexus Night,"Friday, June 12, 2026"
unknown,play,Riftbound,Play,JUN 14 • 7:00 PM,,,"Play | Upcoming | Game Masters Cheyenne - June Summoner Skirmish | Sunday, June 14, 2026",Riftbound Locator,https://locator.riftbound.uvsgames.com/events,,,Game Masters Cheyenne - June Summoner Skirmish,"Sunday, June 14, 2026"
unknown,play,Riftbound,Play,JUN 15 • 4:00 PM (MDT),,,"Play | Upcoming | Nexus Night | Monday, June 15, 2026",Riftbound Locator,https://locator.riftbound.uvsgames.com/events,,,Nexus Night,"Monday, June 15, 2026"
unknown,play,Riftbound,Play,JUN 16 • 6:00 PM (MDT),,,"Play | Upcoming | Riftbound Tuesday Evening Nexus Night 1v1 | Tuesday, June 16, 2026",Riftbound Locator,https://locator.riftbound.uvsgames.com/events,,,Riftbound Tuesday Evening Nexus Night 1v1,"Tuesday, June 16, 2026"
unknown,play,Riftbound,Play,JUN 19 • 6:00 PM (MDT),,,"Play | Upcoming | Nexus Night | Friday, June 19, 2026",Riftbound Locator,https://locator.riftbound.uvsgames.com/events,,,Nexus Night,"Friday, June 19, 2026"
unknown,play,Riftbound,Play,JUN 2 • 6:00 PM (MDT),,,"Play | Upcoming | Riftbound Tuesday Evening Nexus Night 1v1 | Tuesday, June 2, 2026",Riftbound Locator,https://locator.riftbound.uvsgames.com/events,,,Riftbound Tuesday Evening Nexus Night 1v1,"Tuesday, June 2, 2026"
unknown,play,Riftbound,Play,JUN 21 • 1:30 PM (MDT),,,"Play | Upcoming | Riftbound Summoner Skirmish - June | Sunday, June 21, 2026",Riftbound Locator,https://locator.riftbound.uvsgames.com/events,,,Riftbound Summoner Skirmish - June,"Sunday, June 21, 2026"
unknown,play,Riftbound,Play,JUN 22 • 4:00 PM (MDT),,,"Play | Upcoming | Nexus Night | Monday, June 22, 2026",Riftbound Locator,https://locator.riftbound.uvsgames.com/events,,,Nexus Night,"Monday, June 22, 2026"
unknown,play,Riftbound,Play,JUN 23 • 6:00 PM (MDT),,,"Play | Upcoming | Riftbound Tuesday Evening Nexus Night 1v1 | Tuesday, June 23, 2026",Riftbound Locator,https://locator.riftbound.uvsgames.com/events,,,Riftbound Tuesday Evening Nexus Night 1v1,"Tuesday, June 23, 2026"
unknown,play,Riftbound,Play,JUN 5 • 6:00 PM (MDT),,,"Play | Upcoming | Nexus Night | Friday, June 5, 2026",Riftbound Locator,https://locator.riftbound.uvsgames.com/events,,,Nexus Night,"Friday, June 5, 2026"
unknown,play,Riftbound,Play,JUN 8 • 4:00 PM (MDT),,,"Play | Upcoming | Nexus Night | Monday, June 8, 2026",Riftbound Locator,https://locator.riftbound.uvsgames.com/events,,,Nexus Night,"Monday, June 8, 2026"
unknown,play,Riftbound,Play,JUN 9 • 6:00 PM (MDT),,,"Play | Upcoming | Riftbound Tuesday Evening Nexus Night 1v1 | Tuesday, June 9, 2026",Riftbound Locator,https://locator.riftbound.uvsgames.com/events,,,Riftbound Tuesday Evening Nexus Night 1v1,"Tuesday, June 9, 2026"
unknown,play,Riftbound,Play,MAY 15 • 6:00 PM (MDT),,,"Play | Upcoming | Nexus Night | Friday, May 15, 2026",Riftbound Locator,https://locator.riftbound.uvsgames.com/events,,,Nexus Night,"Friday, May 15, 2026"
unknown,play,Riftbound,Play,MAY 18 • 4:00 PM (MDT),,,"Play | Upcoming | Nexus Night | Monday, May 18, 2026",Riftbound Locator,https://locator.riftbound.uvsgames.com/events,,,Nexus Night,"Monday, May 18, 2026"
unknown,play,Riftbound,Play,MAY 19 • 6:00 PM (MDT),,,"Play | Upcoming | Riftbound Tuesday Evening Nexus Night 1v1 | Tuesday, May 19, 2026",Riftbound Locator,https://locator.riftbound.uvsgames.com/events,,,Riftbound Tuesday Evening Nexus Night 1v1,"Tuesday, May 19, 2026"
unknown,play,Riftbound,Play,MAY 22 • 6:00 PM (MDT),,,"Play | Upcoming | Nexus Night | Friday, May 22, 2026",Riftbound Locator,https://locator.riftbound.uvsgames.com/events,,,Nexus Night,"Friday, May 22, 2026"
unknown,play,Riftbound,Play,MAY 25 • 4:00 PM (MDT),,,"Play | Upcoming | Nexus Night | Monday, May 25, 2026",Riftbound Locator,https://locator.riftbound.uvsgames.com/events,,,Nexus Night,"Monday, May 25, 2026"
unknown,play,Riftbound,Play,MAY 26 • 6:00 PM (MDT),,,"Play | Upcoming | Riftbound Tuesday Evening Nexus Night 1v1 | Tuesday, May 26, 2026",Riftbound Locator,https://locator.riftbound.uvsgames.com/events,,,Riftbound Tuesday Evening Nexus Night 1v1,"Tuesday, May 26, 2026"
unknown,play,Riftbound,Play,MAY 29 • 6:00 PM (MDT),,,"Play | Upcoming | Nexus Night | Friday, May 29, 2026",Riftbound Locator,https://locator.riftbound.uvsgames.com/events,,,Nexus Night,"Friday, May 29, 2026"
2026-01,release,Gundam Card Game,Release,Celestial Drive [ST07],2026-01-16,"Jan 16, 2026",Release | Gundam Card Game official release source | official exact date,GUNDAM Official,https://www.gundam-gcg.com/en/products/,https://www.gundam-gcg.com/ogp.jpg,Celestial Drive [ST07],Gundam Card Game official release source,official exact date
2026-01,release,Gundam Card Game,Release,Flash of Radiance [ST08],2026-01-16,"Jan 16, 2026",Release | Gundam Card Game official release source | official exact date,GUNDAM Official,https://www.gundam-gcg.com/en/products/,https://www.gundam-gcg.com/ogp.jpg,Flash of Radiance [ST08],Gundam Card Game official release source,official exact date
2026-01,release,Gundam Card Game,Release,Steel Requiem [GD03],2026-01-30,"Jan 30, 2026",Release | Gundam Card Game official release source | official exact date,GUNDAM Official,https://www.gundam-gcg.com/en/products/,https://www.gundam-gcg.com/ogp.jpg,Steel Requiem [GD03],Gundam Card Game official release source,official exact date
2026-01,release,Magic: The Gathering,Release,Lorwyn Eclipsed,2026-01-23,"Jan 23, 2026",Release | Magic: The Gathering official release source | official exact date,Wizards of the Coast,https://magic.wizards.com/en/news/announcements/everything-announced-for-magic-the-gathering-in-2026,https://images.ctfassets.net/s5n2t79q9icq/77Bl981ZugGYrSDl9a4Rqd/6541322ae11367337a12a0241f8768d1/79gVtUiEBO.jpg,Lorwyn Eclipsed,Magic: The Gathering official release source,official exact date
2026-01,release,One Piece,Release,BOOSTER PACK -THE AZURE SEA’S SEVEN- [OP14-EB04],2026-01-16,"Jan 16, 2026",Release | One Piece official release source | official exact date,ONE PIECE Official,https://en.onepiece-cardgame.com/products/,,BOOSTER PACK -THE AZURE SEA’S SEVEN- [OP14-EB04],One Piece official release source,official exact date
2026-01,release,One Piece,Release,STARTER DECK -Egghead- [ST-29],2026-01-16,"Jan 16, 2026",Release | One Piece official release source | official exact date,ONE PIECE Official,https://en.onepiece-cardgame.com/products/,,STARTER DECK -Egghead- [ST-29],One Piece official release source,official exact date
2026-01,release,One Piece,Release,Tin Pack Set Vol.2 [TS-02],2026-01-30,"Jan 30, 2026",Release | One Piece official release source | official exact date,ONE PIECE Official,https://en.onepiece-cardgame.com/products/,,Tin Pack Set Vol.2 [TS-02],One Piece official release source,official exact date
2026-02,release,Disney Lorcana,Release,Disney Lorcana Collector’s Guides (Sets 1–4 and 5–8),2026-02-01,"Feb 01, 2026",Release | Disney Lorcana official release source | official exact date,Disney Lorcana News,https://www.disneylorcana.com/en-GB/news,https://www.disneylorcana.com/og.jpg,Disney Lorcana Collector’s Guides (Sets 1–4 and 5–8),Disney Lorcana official release source,official exact date
2026-02,release,Disney Lorcana,Release,Winterspell Prerelease,2026-02-13,"Feb 13, 2026",Release | Disney Lorcana official release source | official exact date,Disney Lorcana News,https://www.disneylorcana.com/en-GB/news,https://www.disneylorcana.com/og.jpg,Winterspell Prerelease,Disney Lorcana official release source,official exact date
2026-02,release,Disney Lorcana,Release,Winterspell,2026-02-20,"Feb 20, 2026",Release | Disney Lorcana official release source | official exact date,Disney Lorcana News,https://www.disneylorcana.com/en-GB/news,https://www.disneylorcana.com/og.jpg,Winterspell,Disney Lorcana official release source,official exact date
2026-02,release,Gundam Card Game,Release,Premium Card Collection GUNDAM ASSEMBLE Set -Mobile Suit Gundam GQuuuuuuX- [PC02A],2026-02-27,"Feb 27, 2026",Release | Gundam Card Game official release source | official exact date,GUNDAM Official,https://www.gundam-gcg.com/en/products/,https://www.gundam-gcg.com/ogp.jpg,Premium Card Collection GUNDAM ASSEMBLE Set -Mobile Suit Gundam GQuuuuuuX- [PC02A],Gundam Card Game official release source,official exact date
2026-02,release,Gundam Card Game,Release,Premium Card Collection GUNDAM ASSEMBLE Set -Mobile Suit Gundam IRON-BLOODED ORPHANS- [PC01A],2026-02-27,"Feb 27, 2026",Release | Gundam Card Game official release source | official exact date,GUNDAM Official,https://www.gundam-gcg.com/en/products/,https://www.gundam-gcg.com/ogp.jpg,Premium Card Collection GUNDAM ASSEMBLE Set -Mobile Suit Gundam IRON-BLOODED ORPHANS- [PC01A],Gundam Card Game official release source,official exact date
2026-02,release,One Piece,Release,EXTRA BOOSTER -ONE PIECE HEROINES EDITION- [EB-03],2026-02-20,"Feb 20, 2026",Release | One Piece official release source | official exact date,ONE PIECE Official,https://en.onepiece-cardgame.com/products/,,EXTRA BOOSTER -ONE PIECE HEROINES EDITION- [EB-03],One Piece official release source,official exact date
2026-02,release,Riftbound,Release,Spiritforged Pre-Rift,2026-02-06,"Feb 06, 2026",Release | Riftbound official release source | official exact start date,Riftbound 2026 Roadmap,https://riftbound.leagueoflegends.com/en-us/news/announcements/2026-roadmap/,https://cmsassets.rgpub.io/sanity/images/dsfx7636/news_live/128b08fe426551ad017d0f72145dd968403ff595-1920x1080.jpg?accountingTag=RB?w=1200&h=630&fm=webp&fit=crop&crop=center,Spiritforged Pre-Rift,Riftbound official release source,official exact start date
2026-02,release,Riftbound,Release,Spiritforged (English),2026-02-13,"Feb 13, 2026",Release | Riftbound official release source | official exact date,Riftbound 2026 Roadmap,https://riftbound.leagueoflegends.com/en-us/news/announcements/2026-roadmap/,https://cmsassets.rgpub.io/sanity/images/dsfx7636/news_live/128b08fe426551ad017d0f72145dd968403ff595-1920x1080.jpg?accountingTag=RB?w=1200&h=630&fm=webp&fit=crop&crop=center,Spiritforged (English),Riftbound official release source,official exact date
2026-03,release,Disney Lorcana,Release,Collection Starter Set – Stitch Edition,2026-03-13,"Mar 13, 2026",Release | Disney Lorcana official release source | official exact date,Disney Lorcana News,https://www.disneylorcana.com/en-GB/news,https://www.disneylorcana.com/og.jpg,Collection Starter Set – Stitch Edition,Disney Lorcana official release source,official exact date
2026-03,release,Disney Lorcana,Release,Scrooge McDuck Gift Box,2026-03-13,"Mar 13, 2026",Release | Disney Lorcana official release source | official exact date,Disney Lorcana News,https://www.disneylorcana.com/en-GB/news,https://www.disneylorcana.com/og.jpg,Scrooge McDuck Gift Box,Disney Lorcana official release source,official exact date
2026-03,release,Gundam Card Game,Release,Destiny Ignition [ST09],2026-03-27,"Mar 27, 2026",Release | Gundam Card Game official release source | official exact date,GUNDAM Official,https://www.gundam-gcg.com/en/products/,https://www.gundam-gcg.com/ogp.jpg,Destiny Ignition [ST09],Gundam Card Game official release source,official exact date
2026-03,release,Magic: The Gathering,Release,Magic: The Gathering | Teenage Mutant Ninja Turtles,2026-03-01,"Mar 01, 2026",Release | Magic: The Gathering official release source | month-only: March 2026,Wizards of the Coast,https://magic.wizards.com/en/news/announcements/everything-announced-for-magic-the-gathering-in-2026,https://images.ctfassets.net/s5n2t79q9icq/77Bl981ZugGYrSDl9a4Rqd/6541322ae11367337a12a0241f8768d1/79gVtUiEBO.jpg,Magic: The Gathering | Teenage Mutant Ninja Turtles,Magic: The Gathering official release source,month-only: March 2026
2026-03,release,Pokémon,Release,Mega Evolution—Perfect Order,2026-03-27,"Mar 27, 2026",Release | Pokémon official release source | official exact date,Pokémon,https://www.pokemon.com/us/pokemon-news/check-out-every-pokemon-tcg-product-release-in-march-2026,https://www.pokemon.com/static-assets/content-assets/cms2/img/trading-card-game/_tiles/2026/product-showcase/03/product-showcase-169-en.png,Mega Evolution—Perfect Order,Pokémon official release source,official exact date
2026-03,release,Star Wars: Unlimited,Release,A Lawless Time,2026-03-13,"Mar 13, 2026",Release | Star Wars: Unlimited official release source | official exact date,Star Wars Unlimited,https://starwarsunlimited.com/articles/a-message-from-the-team,https://cdn.starwarsunlimited.com//SWH_07_P2_Team_Message_Article_preview_C3_PO_0938308997.png,A Lawless Time,Star Wars: Unlimited official release source,official exact date
2026-04,release,Dungeons & Dragons,Release,Ravenloft: The Horrors Within,2026-04-13,"Apr 13, 2026",Release | Dungeons & Dragons official release source | pre-order,D&D Beyond,https://www.dndbeyond.com/posts/2136-d-d-2026-calendar-release,https://www.dndbeyond.com/avatars/55131/988/639077987572170144.jpeg,Ravenloft: The Horrors Within,Dungeons & Dragons official release source,pre-order
2026-04,release,Gundam Card Game,Release,Phantom Aria [GD04],2026-04-24,"Apr 24, 2026",Release | Gundam Card Game official release source | official exact date,GUNDAM Official,https://www.gundam-gcg.com/en/products/,https://www.gundam-gcg.com/ogp.jpg,Phantom Aria [GD04],Gundam Card Game official release source,official exact date
2026-04,release,Magic: The Gathering,Release,Secrets of Strixhaven,2026-04-24,"Apr 24, 2026",Release | Magic: The Gathering official release source | official exact date,Wizards of the Coast,https://magic.wizards.com/en/news/announcements/everything-announced-for-magic-the-gathering-in-2026,https://images.ctfassets.net/s5n2t79q9icq/77Bl981ZugGYrSDl9a4Rqd/6541322ae11367337a12a0241f8768d1/79gVtUiEBO.jpg,Secrets of Strixhaven,Magic: The Gathering official release source,official exact date
2026-04,release,One Piece,Release,BOOSTER PACK -ADVENTURE ON KAMI'S ISLAND- [OP15-EB04],2026-04-03,"Apr 03, 2026",Release | One Piece official release source | official exact date,ONE PIECE Official,https://en.onepiece-cardgame.com/products/,,BOOSTER PACK -ADVENTURE ON KAMI'S ISLAND- [OP15-EB04],One Piece official release source,official exact date
2026-04,release,One Piece,Release,Double Pack Set Vol.10 [DP-10],2026-04-03,"Apr 03, 2026",Release | One Piece official release source | official exact date,ONE PIECE Official,https://en.onepiece-cardgame.com/products/,,Double Pack Set Vol.10 [DP-10],One Piece official release source,official exact date
2026-04,release,Riftbound,Release,Unleashed (China),2026-04-10,"Apr 10, 2026",Release | Riftbound official release source | secondary-confirmed exact date; roadmap confirms Unleashed in 2026,Riftbound 2026 Roadmap,https://riftbound.leagueoflegends.com/en-us/news/announcements/2026-roadmap/,https://cmsassets.rgpub.io/sanity/images/dsfx7636/news_live/128b08fe426551ad017d0f72145dd968403ff595-1920x1080.jpg?accountingTag=RB?w=1200&h=630&fm=webp&fit=crop&crop=center,Unleashed (China),Riftbound official release source,secondary-confirmed exact date; roadmap confirms Unleashed in 2026
2026-05,release,Disney Lorcana,Release,2-Player Starter Set,2026-05-08,"May 08, 2026",Release | Disney Lorcana official release source | official exact date,Disney Lorcana News,https://www.disneylorcana.com/en-GB/news,https://www.disneylorcana.com/og.jpg,2-Player Starter Set,Disney Lorcana official release source,official exact date
2026-05,release,Disney Lorcana,Release,Wilds Unknown Prerelease,2026-05-08,"May 08, 2026",Release | Disney Lorcana official release source | secondary-confirmed exact date,Disney Lorcana News,https://www.disneylorcana.com/en-GB/news,https://www.disneylorcana.com/og.jpg,Wilds Unknown Prerelease,Disney Lorcana official release source,secondary-confirmed exact date
2026-05,release,Disney Lorcana,Release,Wilds Unknown,2026-05-15,"May 15, 2026",Release | Disney Lorcana official release source | secondary-confirmed exact date,Disney Lorcana News,https://www.disneylorcana.com/en-GB/news,https://www.disneylorcana.com/og.jpg,Wilds Unknown,Disney Lorcana official release source,secondary-confirmed exact date
2026-05,release,Pokémon,Release,Mega Evolution—Chaos Rising,2026-05-22,"May 22, 2026",Release | Pokémon official release source | official exact date,Pokémon,https://www.pokemon.com/us/pokemon-news/check-out-every-pokemon-tcg-product-release-in-march-2026,https://www.pokemon.com/static-assets/content-assets/cms2/img/trading-card-game/_tiles/2026/product-showcase/03/product-showcase-169-en.png,Mega Evolution—Chaos Rising,Pokémon official release source,official exact date
2026-05,release,Riftbound,Release,Unleashed (Global English),2026-05-08,"May 08, 2026",Release | Riftbound official release source | secondary-confirmed exact date; roadmap confirms Unleashed in 2026,Riftbound 2026 Roadmap,https://riftbound.leagueoflegends.com/en-us/news/announcements/2026-roadmap/,https://cmsassets.rgpub.io/sanity/images/dsfx7636/news_live/128b08fe426551ad017d0f72145dd968403ff595-1920x1080.jpg?accountingTag=RB?w=1200&h=630&fm=webp&fit=crop&crop=center,Unleashed (Global English),Riftbound official release source,secondary-confirmed exact date; roadmap confirms Unleashed in 2026
2026-05,release,Star Wars: Unlimited,Release,Twin Suns Decks,2026-05-01,"May 01, 2026",Release | Star Wars: Unlimited official release source | month-only: May 2026,Star Wars Unlimited,https://starwarsunlimited.com/articles/a-message-from-the-team,https://cdn.starwarsunlimited.com//SWH_07_P2_Team_Message_Article_preview_C3_PO_0938308997.png,Twin Suns Decks,Star Wars: Unlimited official release source,month-only: May 2026
2026-06,release,Dungeons & Dragons,Release,Ravenloft: The Horrors Within,2026-06-02,"Jun 02, 2026",Release | Dungeons & Dragons official release source | Master Tier release,D&D Beyond,https://www.dndbeyond.com/posts/2136-d-d-2026-calendar-release,https://www.dndbeyond.com/avatars/55131/988/639077987572170144.jpeg,Ravenloft: The Horrors Within,Dungeons & Dragons official release source,Master Tier release
2026-06,release,Dungeons & Dragons,Release,Ravenloft: The Horrors Within,2026-06-09,"Jun 09, 2026",Release | Dungeons & Dragons official release source | Hero Tier release,D&D Beyond,https://www.dndbeyond.com/posts/2136-d-d-2026-calendar-release,https://www.dndbeyond.com/avatars/55131/988/639077987572170144.jpeg,Ravenloft: The Horrors Within,Dungeons & Dragons official release source,Hero Tier release
2026-06,release,Dungeons & Dragons,Release,Ravenloft: The Horrors Within,2026-06-16,"Jun 16, 2026",Release | Dungeons & Dragons official release source | wide release,D&D Beyond,https://www.dndbeyond.com/posts/2136-d-d-2026-calendar-release,https://www.dndbeyond.com/avatars/55131/988/639077987572170144.jpeg,Ravenloft: The Horrors Within,Dungeons & Dragons official release source,wide release
2026-06,release,Magic: The Gathering,Release,Magic: The Gathering | Marvel Super Heroes,2026-06-26,"Jun 26, 2026",Release | Magic: The Gathering official release source | official exact date,Wizards of the Coast,https://magic.wizards.com/en/news/announcements/everything-announced-for-magic-the-gathering-in-2026,https://images.ctfassets.net/s5n2t79q9icq/77Bl981ZugGYrSDl9a4Rqd/6541322ae11367337a12a0241f8768d1/79gVtUiEBO.jpg,Magic: The Gathering | Marvel Super Heroes,Magic: The Gathering official release source,official exact date
2026-06,release,Star Wars: Unlimited,Release,Ashes of the Empire,2026-06-01,"Jun 01, 2026",Release | Star Wars: Unlimited official release source | season-only: Summer 2026,Star Wars Unlimited,https://starwarsunlimited.com/articles/a-message-from-the-team,https://cdn.starwarsunlimited.com//SWH_07_P2_Team_Message_Article_preview_C3_PO_0938308997.png,Ashes of the Empire,Star Wars: Unlimited official release source,season-only: Summer 2026
2026-07,release,Gundam Card Game,Release,Freedom Ascension [GD05],2026-07-24,"Jul 24, 2026",Release | Gundam Card Game official release source | official exact date,GUNDAM Official,https://www.gundam-gcg.com/en/products/,https://www.gundam-gcg.com/ogp.jpg,Freedom Ascension [GD05],Gundam Card Game official release source,official exact date
2026-07,release,Riftbound,Release,Vendetta,2026-07-31,"Jul 31, 2026",Release | Riftbound official release source | secondary-confirmed exact date; official sources confirm later-2026 release window,Riftbound 2026 Roadmap,https://riftbound.leagueoflegends.com/en-us/news/announcements/2026-roadmap/,https://cmsassets.rgpub.io/sanity/images/dsfx7636/news_live/128b08fe426551ad017d0f72145dd968403ff595-1920x1080.jpg?accountingTag=RB?w=1200&h=630&fm=webp&fit=crop&crop=center,Vendetta,Riftbound official release source,secondary-confirmed exact date; official sources confirm later-2026 release window
2026-08,release,Disney Lorcana,Release,Attack of the Vine,2026-08-01,"Aug 01, 2026",Release | Disney Lorcana official release source | month-only: August 2026,Disney Lorcana News,https://www.disneylorcana.com/en-GB/news,https://www.disneylorcana.com/og.jpg,Attack of the Vine,Disney Lorcana official release source,month-only: August 2026
2026-08,release,Dungeons & Dragons,Release,D&D Reference Cards,2026-08-01,"Aug 01, 2026",Release | Dungeons & Dragons official release source | month-only: August 2026,D&D Beyond,https://www.dndbeyond.com/posts/2136-d-d-2026-calendar-release,https://www.dndbeyond.com/avatars/55131/988/639077987572170144.jpeg,D&D Reference Cards,Dungeons & Dragons official release source,month-only: August 2026
2026-08,release,Magic: The Gathering,Release,Magic: The Gathering | The Hobbit,2026-08-01,"Aug 01, 2026",Release | Magic: The Gathering official release source | month-only: August 2026,Wizards of the Coast,https://magic.wizards.com/en/news/announcements/everything-announced-for-magic-the-gathering-in-2026,https://images.ctfassets.net/s5n2t79q9icq/77Bl981ZugGYrSDl9a4Rqd/6541322ae11367337a12a0241f8768d1/79gVtUiEBO.jpg,Magic: The Gathering | The Hobbit,Magic: The Gathering official release source,month-only: August 2026
2026-09,release,Dungeons & Dragons,Release,Arcana Unleashed,2026-09-01,"Sep 01, 2026",Release | Dungeons & Dragons official release source | month-only: September 2026,D&D Beyond,https://www.dndbeyond.com/posts/2136-d-d-2026-calendar-release,https://www.dndbeyond.com/avatars/55131/988/639077987572170144.jpeg,Arcana Unleashed,Dungeons & Dragons official release source,month-only: September 2026
2026-09,release,Dungeons & Dragons,Release,Arcana Unleashed: Deadfall,2026-09-01,"Sep 01, 2026",Release | Dungeons & Dragons official release source | month-only: September 2026,D&D Beyond,https://www.dndbeyond.com/posts/2136-d-d-2026-calendar-release,https://www.dndbeyond.com/avatars/55131/988/639077987572170144.jpeg,Arcana Unleashed: Deadfall,Dungeons & Dragons official release source,month-only: September 2026
2026-10,release,Magic: The Gathering,Release,Reality Fracture,2026-10-01,"Oct 01, 2026",Release | Magic: The Gathering official release source | month-only: October 2026,Wizards of the Coast,https://magic.wizards.com/en/news/announcements/everything-announced-for-magic-the-gathering-in-2026,https://images.ctfassets.net/s5n2t79q9icq/77Bl981ZugGYrSDl9a4Rqd/6541322ae11367337a12a0241f8768d1/79gVtUiEBO.jpg,Reality Fracture,Magic: The Gathering official release source,month-only: October 2026
2026-10,release,Riftbound,Release,Radiance,2026-10-23,"Oct 23, 2026",Release | Riftbound official release source | secondary-confirmed exact date; official sources confirm year-end release,Riftbound 2026 Roadmap,https://riftbound.leagueoflegends.com/en-us/news/announcements/2026-roadmap/,https://cmsassets.rgpub.io/sanity/images/dsfx7636/news_live/128b08fe426551ad017d0f72145dd968403ff595-1920x1080.jpg?accountingTag=RB?w=1200&h=630&fm=webp&fit=crop&crop=center,Radiance,Riftbound official release source,secondary-confirmed exact date; official sources confirm year-end release
2026-10,release,Star Wars: Unlimited,Release,Homeworlds,2026-10-01,"Oct 01, 2026",Release | Star Wars: Unlimited official release source | quarter-only: Q4 2026,Star Wars Unlimited,https://starwarsunlimited.com/articles/a-message-from-the-team,https://cdn.starwarsunlimited.com//SWH_07_P2_Team_Message_Article_preview_C3_PO_0938308997.png,Homeworlds,Star Wars: Unlimited official release source,quarter-only: Q4 2026
2026-11,release,Disney Lorcana,Release,Unnamed Fourth Set,2026-11-01,"Nov 01, 2026",Release | Disney Lorcana official release source | month-only: Nov/Dec 2026,Disney Lorcana News,https://www.disneylorcana.com/en-GB/news,https://www.disneylorcana.com/og.jpg,Unnamed Fourth Set,Disney Lorcana official release source,month-only: Nov/Dec 2026
2026-11,release,Magic: The Gathering,Release,Magic: The Gathering | Star Trek,2026-11-01,"Nov 01, 2026",Release | Magic: The Gathering official release source | month-only: November 2026,Wizards of the Coast,https://magic.wizards.com/en/news/announcements/everything-announced-for-magic-the-gathering-in-2026,https://images.ctfassets.net/s5n2t79q9icq/77Bl981ZugGYrSDl9a4Rqd/6541322ae11367337a12a0241f8768d1/79gVtUiEBO.jpg,Magic: The Gathering | Star Trek,Magic: The Gathering official release source,month-only: November 2026
2026-12,release,Star Wars: Unlimited,Release,Icons,2026-12-01,"Dec 01, 2026",Release | Star Wars: Unlimited official release source | officially named as 2026 set; exact month/day not verified in source,Star Wars Unlimited,https://starwarsunlimited.com/articles/a-message-from-the-team,https://cdn.starwarsunlimited.com//SWH_07_P2_Team_Message_Article_preview_C3_PO_0938308997.png,Icons,Star Wars: Unlimited official release source,officially named as 2026 set; exact month/day not verified in source
